CALENDAR_YEAR,LOCATION_ID,GENDER,EXPERIENCING_HOMELESSNESS_CNT
2017,All,Cisgender Man,100593
2017,All,Cisgender Woman,78344
2017,All,Client doesn't know,1361
2017,All,"Culturally Specific, Non-Binary, and/or a Different Identity",165
2017,All,Questioning,*
2017,All,Transgender,708
2017,CA-500,Cisgender Man,5942
2017,CA-500,Cisgender Woman,3680
2017,CA-500,Client doesn't know,12
2017,CA-500,"Culturally Specific, Non-Binary, and/or a Different Identity",*
2017,CA-500,Transgender,42
2017,CA-501,Cisgender Man,2425
2017,CA-501,Cisgender Woman,1702
2017,CA-501,Client doesn't know,179
2017,CA-501,"Culturally Specific, Non-Binary, and/or a Different Identity",23
2017,CA-501,Transgender,54
2017,CA-502,Cisgender Man,3539
2017,CA-502,Cisgender Woman,3006
2017,CA-502,Client doesn't know,21
2017,CA-502,"Culturally Specific, Non-Binary, and/or a Different Identity",*
2017,CA-502,Questioning,*
2017,CA-502,Transgender,17
2017,CA-503,Cisgender Man,5847
2017,CA-503,Cisgender Woman,5273
2017,CA-503,Client doesn't know,*
2017,CA-503,"Culturally Specific, Non-Binary, and/or a Different Identity",12
2017,CA-503,Transgender,34
2017,CA-504,Cisgender Man,1644
2017,CA-504,Cisgender Woman,1240
2017,CA-504,Client doesn't know,*
2017,CA-504,"Culturally Specific, Non-Binary, and/or a Different Identity",*
2017,CA-504,Questioning,*
2017,CA-504,Transgender,15
2017,CA-505,Cisgender Man,2434
2017,CA-505,Cisgender Woman,1962
2017,CA-505,Client doesn't know,*
2017,CA-505,"Culturally Specific, Non-Binary, and/or a Different Identity",*
2017,CA-505,Transgender,*
2017,CA-506,Cisgender Man,1054
2017,CA-506,Cisgender Woman,1250
2017,CA-506,"Culturally Specific, Non-Binary, and/or a Different Identity",*
2017,CA-506,Questioning,*
2017,CA-506,Transgender,*
2017,CA-507,Cisgender Man,957
2017,CA-507,Cisgender Woman,664
2017,CA-507,Client doesn't know,*
2017,CA-507,"Culturally Specific, Non-Binary, and/or a Different Identity",*
2017,CA-507,Transgender,*
2017,CA-508,Cisgender Man,1077
2017,CA-508,Cisgender Woman,748
2017,CA-508,Client doesn't know,12
2017,CA-508,"Culturally Specific, Non-Binary, and/or a Different Identity",*
2017,CA-508,Transgender,*
2017,CA-509,Cisgender Man,505
2017,CA-509,Cisgender Woman,286
2017,CA-509,Client doesn't know,*
2017,CA-509,"Culturally Specific, Non-Binary, and/or a Different Identity",*
2017,CA-509,Transgender,*
2017,CA-510,Cisgender Man,3114
2017,CA-510,Cisgender Woman,3070
2017,CA-510,"Culturally Specific, Non-Binary, and/or a Different Identity",*
2017,CA-510,Transgender,12
2017,CA-511,Cisgender Man,4042
2017,CA-511,Cisgender Woman,3822
2017,CA-511,Transgender,*
2017,CA-512,Cisgender Man,2203
2017,CA-512,Cisgender Woman,1693
2017,CA-512,Client doesn't know,*
2017,CA-512,"Culturally Specific, Non-Binary, and/or a Different Identity",*
2017,CA-512,Transgender,*
2017,CA-513,Cisgender Man,1553
2017,CA-513,Cisgender Woman,1397
2017,CA-513,"Culturally Specific, Non-Binary, and/or a Different Identity",*
2017,CA-513,Transgender,*
2017,CA-514,Cisgender Man,1364
2017,CA-514,Cisgender Woman,1207
2017,CA-514,Client doesn't know,*
2017,CA-514,"Culturally Specific, Non-Binary, and/or a Different Identity",*
2017,CA-514,Transgender,*
2017,CA-515,Cisgender Man,743
2017,CA-515,Cisgender Woman,588
2017,CA-515,Client doesn't know,*
2017,CA-515,"Culturally Specific, Non-Binary, and/or a Different Identity",*
2017,CA-515,Transgender,*
2017,CA-516,Cisgender Man,107
2017,CA-516,Cisgender Woman,175
2017,CA-516,Client doesn't know,*
2017,CA-517,Cisgender Man,577
2017,CA-517,Cisgender Woman,368
2017,CA-517,Client doesn't know,*
2017,CA-517,Transgender,*
2017,CA-518,Cisgender Man,548
2017,CA-518,Cisgender Woman,409
2017,CA-518,Client doesn't know,*
2017,CA-519,Cisgender Man,756
2017,CA-519,Cisgender Woman,615
2017,CA-519,"Culturally Specific, Non-Binary, and/or a Different Identity",*
2017,CA-519,Questioning,*
2017,CA-519,Transgender,*
2017,CA-520,Cisgender Man,403
2017,CA-520,Cisgender Woman,202
2017,CA-520,Transgender,*
2017,CA-521,Cisgender Man,269
2017,CA-521,Cisgender Woman,258
2017,CA-521,"Culturally Specific, Non-Binary, and/or a Different Identity",*
2017,CA-521,Transgender,*
2017,CA-522,Cisgender Man,566
2017,CA-522,Cisgender Woman,440
2017,CA-522,Client doesn't know,*
2017,CA-522,"Culturally Specific, Non-Binary, and/or a Different Identity",*
2017,CA-522,Questioning,*
2017,CA-522,Transgender,*
2017,CA-523,Cisgender Man,90
2017,CA-523,Cisgender Woman,107
2017,CA-524,Cisgender Man,*
2017,CA-525,Cisgender Man,185
2017,CA-525,Cisgender Woman,112
2017,CA-525,"Culturally Specific, Non-Binary, and/or a Different Identity",*
2017,CA-525,Transgender,*
2017,CA-526,Cisgender Man,257
2017,CA-526,Cisgender Woman,309
2017,CA-527,Cisgender Man,253
2017,CA-527,Cisgender Woman,143
2017,CA-529,Cisgender Man,15
2017,CA-529,Cisgender Woman,26
2017,CA-530,Cisgender Man,88
2017,CA-530,Cisgender Woman,93
2017,CA-531,Cisgender Man,291
2017,CA-531,Cisgender Woman,171
2017,CA-531,Client doesn't know,*
2017,CA-531,"Culturally Specific, Non-Binary, and/or a Different Identity",*
2017,CA-600,Cisgender Man,31510
2017,CA-600,Cisgender Woman,22935
2017,CA-600,Client doesn't know,818
2017,CA-600,"Culturally Specific, Non-Binary, and/or a Different Identity",48
2017,CA-600,Transgender,339
2017,CA-601,Cisgender Man,6993
2017,CA-601,Cisgender Woman,4509
2017,CA-601,Client doesn't know,25
2017,CA-601,"Culturally Specific, Non-Binary, and/or a Different Identity",*
2017,CA-601,Transgender,55
2017,CA-602,Cisgender Man,5496
2017,CA-602,Cisgender Woman,4794
2017,CA-602,Client doesn't know,157
2017,CA-602,"Culturally Specific, Non-Binary, and/or a Different Identity",*
2017,CA-602,Transgender,16
2017,CA-603,Cisgender Man,1746
2017,CA-603,Cisgender Woman,1203
2017,CA-603,Client doesn't know,*
2017,CA-603,"Culturally Specific, Non-Binary, and/or a Different Identity",*
2017,CA-603,Transgender,*
2017,CA-604,Cisgender Man,2020
2017,CA-604,Cisgender Woman,1217
2017,CA-604,"Culturally Specific, Non-Binary, and/or a Different Identity",*
2017,CA-604,Transgender,*
2017,CA-606,Cisgender Man,1529
2017,CA-606,Cisgender Woman,1115
2017,CA-606,"Culturally Specific, Non-Binary, and/or a Different Identity",*
2017,CA-606,Transgender,*
2017,CA-607,Cisgender Man,733
2017,CA-607,Cisgender Woman,501
2017,CA-607,Client doesn't know,60
2017,CA-607,"Culturally Specific, Non-Binary, and/or a Different Identity",*
2017,CA-607,Transgender,*
2017,CA-608,Cisgender Man,3828
2017,CA-608,Cisgender Woman,2737
2017,CA-608,Client doesn't know,21
2017,CA-608,"Culturally Specific, Non-Binary, and/or a Different Identity",*
2017,CA-608,Transgender,19
2017,CA-609,Cisgender Man,4132
2017,CA-609,Cisgender Woman,4151
2017,CA-609,Transgender,*
2017,CA-611,Cisgender Man,1237
2017,CA-611,Cisgender Woman,960
2017,CA-611,"Culturally Specific, Non-Binary, and/or a Different Identity",*
2017,CA-611,Questioning,*
2017,CA-611,Transgender,*
2017,CA-612,Cisgender Man,205
2017,CA-612,Cisgender Woman,205
2017,CA-612,Client doesn't know,*
2017,CA-612,Transgender,*
2017,CA-613,Cisgender Man,395
2017,CA-613,Cisgender Woman,102
2017,CA-614,Cisgender Man,1025
2017,CA-614,Cisgender Woman,837
2017,CA-614,"Culturally Specific, Non-Binary, and/or a Different Identity",*
2017,CA-614,Transgender,*
2018,All,Cisgender Man,117798
2018,All,Cisgender Woman,90375
2018,All,Client doesn't know,1376
2018,All,"Culturally Specific, Non-Binary, and/or a Different Identity",242
2018,All,Questioning,*
2018,All,Transgender,966
2018,CA-500,Cisgender Man,5918
2018,CA-500,Cisgender Woman,3782
2018,CA-500,Client doesn't know,*
2018,CA-500,"Culturally Specific, Non-Binary, and/or a Different Identity",17
2018,CA-500,Transgender,45
2018,CA-501,Cisgender Man,3032
2018,CA-501,Cisgender Woman,2413
2018,CA-501,Client doesn't know,139
2018,CA-501,"Culturally Specific, Non-Binary, and/or a Different Identity",33
2018,CA-501,Questioning,*
2018,CA-501,Transgender,72
2018,CA-502,Cisgender Man,3566
2018,CA-502,Cisgender Woman,2869
2018,CA-502,Client doesn't know,*
2018,CA-502,"Culturally Specific, Non-Binary, and/or a Different Identity",*
2018,CA-502,Transgender,25
2018,CA-503,Cisgender Man,5985
2018,CA-503,Cisgender Woman,5614
2018,CA-503,Client doesn't know,*
2018,CA-503,"Culturally Specific, Non-Binary, and/or a Different Identity",12
2018,CA-503,Transgender,48
2018,CA-504,Cisgender Man,1652
2018,CA-504,Cisgender Woman,1252
2018,CA-504,Client doesn't know,*
2018,CA-504,"Culturally Specific, Non-Binary, and/or a Different Identity",*
2018,CA-504,Questioning,*
2018,CA-504,Transgender,12
2018,CA-505,Cisgender Man,2834
2018,CA-505,Cisgender Woman,2193
2018,CA-505,Client doesn't know,*
2018,CA-505,"Culturally Specific, Non-Binary, and/or a Different Identity",*
2018,CA-505,Transgender,12
2018,CA-506,Cisgender Man,1308
2018,CA-506,Cisgender Woman,1299
2018,CA-506,Client doesn't know,*
2018,CA-506,"Culturally Specific, Non-Binary, and/or a Different Identity",*
2018,CA-506,Questioning,*
2018,CA-506,Transgender,*
2018,CA-507,Cisgender Man,790
2018,CA-507,Cisgender Woman,561
2018,CA-507,Client doesn't know,*
2018,CA-507,Transgender,*
2018,CA-508,Cisgender Man,1114
2018,CA-508,Cisgender Woman,740
2018,CA-508,Client doesn't know,40
2018,CA-508,Transgender,*
2018,CA-509,Cisgender Man,400
2018,CA-509,Cisgender Woman,254
2018,CA-509,Client doesn't know,*
2018,CA-509,"Culturally Specific, Non-Binary, and/or a Different Identity",*
2018,CA-509,Transgender,*
2018,CA-510,Cisgender Man,3317
2018,CA-510,Cisgender Woman,2820
2018,CA-510,Client doesn't know,*
2018,CA-510,"Culturally Specific, Non-Binary, and/or a Different Identity",*
2018,CA-510,Transgender,*
2018,CA-511,Cisgender Man,4707
2018,CA-511,Cisgender Woman,4417
2018,CA-511,"Culturally Specific, Non-Binary, and/or a Different Identity",*
2018,CA-511,Transgender,*
2018,CA-512,Cisgender Man,2183
2018,CA-512,Cisgender Woman,1588
2018,CA-512,Client doesn't know,*
2018,CA-512,"Culturally Specific, Non-Binary, and/or a Different Identity",*
2018,CA-512,Transgender,12
2018,CA-513,Cisgender Man,1547
2018,CA-513,Cisgender Woman,1413
2018,CA-513,"Culturally Specific, Non-Binary, and/or a Different Identity",*
2018,CA-513,Transgender,*
2018,CA-514,Cisgender Man,1552
2018,CA-514,Cisgender Woman,1356
2018,CA-514,Client doesn't know,12
2018,CA-514,"Culturally Specific, Non-Binary, and/or a Different Identity",*
2018,CA-514,Questioning,*
2018,CA-514,Transgender,*
2018,CA-515,Cisgender Man,874
2018,CA-515,Cisgender Woman,661
2018,CA-515,Client doesn't know,*
2018,CA-515,Transgender,*
2018,CA-516,Cisgender Man,246
2018,CA-516,Cisgender Woman,287
2018,CA-516,Client doesn't know,85
2018,CA-516,"Culturally Specific, Non-Binary, and/or a Different Identity",*
2018,CA-517,Cisgender Man,575
2018,CA-517,Cisgender Woman,354
2018,CA-517,Client doesn't know,*
2018,CA-517,Transgender,*
2018,CA-518,Cisgender Man,473
2018,CA-518,Cisgender Woman,446
2018,CA-518,Client doesn't know,*
2018,CA-518,"Culturally Specific, Non-Binary, and/or a Different Identity",*
2018,CA-518,Transgender,*
2018,CA-519,Cisgender Man,803
2018,CA-519,Cisgender Woman,678
2018,CA-519,"Culturally Specific, Non-Binary, and/or a Different Identity",*
2018,CA-519,Transgender,*
2018,CA-520,Cisgender Man,530
2018,CA-520,Cisgender Woman,375
2018,CA-520,"Culturally Specific, Non-Binary, and/or a Different Identity",*
2018,CA-520,Transgender,*
2018,CA-521,Cisgender Man,495
2018,CA-521,Cisgender Woman,469
2018,CA-521,Client doesn't know,*
2018,CA-521,"Culturally Specific, Non-Binary, and/or a Different Identity",*
2018,CA-521,Transgender,*
2018,CA-522,Cisgender Man,628
2018,CA-522,Cisgender Woman,437
2018,CA-522,Client doesn't know,14
2018,CA-522,"Culturally Specific, Non-Binary, and/or a Different Identity",13
2018,CA-522,Questioning,*
2018,CA-522,Transgender,*
2018,CA-523,Cisgender Man,147
2018,CA-523,Cisgender Woman,200
2018,CA-523,Client doesn't know,*
2018,CA-524,Cisgender Man,*
2018,CA-524,Cisgender Woman,*
2018,CA-525,Cisgender Man,209
2018,CA-525,Cisgender Woman,188
2018,CA-525,Client doesn't know,*
2018,CA-525,"Culturally Specific, Non-Binary, and/or a Different Identity",*
2018,CA-525,Transgender,*
2018,CA-526,Cisgender Man,334
2018,CA-526,Cisgender Woman,392
2018,CA-526,Transgender,*
2018,CA-527,Cisgender Man,245
2018,CA-527,Cisgender Woman,171
2018,CA-529,Cisgender Man,33
2018,CA-529,Cisgender Woman,37
2018,CA-530,Cisgender Man,93
2018,CA-530,Cisgender Woman,126
2018,CA-531,Cisgender Man,349
2018,CA-531,Cisgender Woman,193
2018,CA-531,"Culturally Specific, Non-Binary, and/or a Different Identity",*
2018,CA-531,Transgender,*
2018,CA-600,Cisgender Man,42452
2018,CA-600,Cisgender Woman,30777
2018,CA-600,Client doesn't know,708
2018,CA-600,"Culturally Specific, Non-Binary, and/or a Different Identity",74
2018,CA-600,Transgender,514
2018,CA-601,Cisgender Man,9199
2018,CA-601,Cisgender Woman,5823
2018,CA-601,Client doesn't know,130
2018,CA-601,"Culturally Specific, Non-Binary, and/or a Different Identity",19
2018,CA-601,Questioning,*
2018,CA-601,Transgender,62
2018,CA-602,Cisgender Man,6720
2018,CA-602,Cisgender Woman,5244
2018,CA-602,Client doesn't know,35
2018,CA-602,"Culturally Specific, Non-Binary, and/or a Different Identity",*
2018,CA-602,Transgender,22
2018,CA-603,Cisgender Man,1686
2018,CA-603,Cisgender Woman,1067
2018,CA-603,Client doesn't know,115
2018,CA-603,"Culturally Specific, Non-Binary, and/or a Different Identity",*
2018,CA-603,Transgender,*
2018,CA-604,Cisgender Man,2182
2018,CA-604,Cisgender Woman,1359
2018,CA-604,Client doesn't know,*
2018,CA-604,"Culturally Specific, Non-Binary, and/or a Different Identity",*
2018,CA-604,Transgender,*
2018,CA-606,Cisgender Man,1524
2018,CA-606,Cisgender Woman,1070
2018,CA-606,"Culturally Specific, Non-Binary, and/or a Different Identity",*
2018,CA-606,Transgender,*
2018,CA-607,Cisgender Man,955
2018,CA-607,Cisgender Woman,601
2018,CA-607,Client doesn't know,*
2018,CA-607,"Culturally Specific, Non-Binary, and/or a Different Identity",*
2018,CA-607,Transgender,15
2018,CA-608,Cisgender Man,4042
2018,CA-608,Cisgender Woman,3057
2018,CA-608,Client doesn't know,24
2018,CA-608,"Culturally Specific, Non-Binary, and/or a Different Identity",*
2018,CA-608,Transgender,28
2018,CA-609,Cisgender Man,3686
2018,CA-609,Cisgender Woman,3714
2018,CA-609,Transgender,*
2018,CA-611,Cisgender Man,1045
2018,CA-611,Cisgender Woman,928
2018,CA-611,Client doesn't know,*
2018,CA-611,"Culturally Specific, Non-Binary, and/or a Different Identity",*
2018,CA-611,Transgender,*
2018,CA-612,Cisgender Man,230
2018,CA-612,Cisgender Woman,262
2018,CA-612,Client doesn't know,*
2018,CA-612,"Culturally Specific, Non-Binary, and/or a Different Identity",*
2018,CA-612,Transgender,*
2018,CA-613,Cisgender Man,553
2018,CA-613,Cisgender Woman,308
2018,CA-613,Transgender,*
2018,CA-614,Cisgender Man,983
2018,CA-614,Cisgender Woman,851
2018,CA-614,"Culturally Specific, Non-Binary, and/or a Different Identity",*
2018,CA-614,Transgender,*
2019,All,Cisgender Man,133149
2019,All,Cisgender Woman,99804
2019,All,Client doesn't know,1353
2019,All,"Culturally Specific, Non-Binary, and/or a Different Identity",342
2019,All,Questioning,*
2019,All,Transgender,1097
2019,CA-500,Cisgender Man,6462
2019,CA-500,Cisgender Woman,4089
2019,CA-500,Client doesn't know,*
2019,CA-500,"Culturally Specific, Non-Binary, and/or a Different Identity",17
2019,CA-500,Transgender,60
2019,CA-501,Cisgender Man,4430
2019,CA-501,Cisgender Woman,3383
2019,CA-501,Client doesn't know,89
2019,CA-501,"Culturally Specific, Non-Binary, and/or a Different Identity",48
2019,CA-501,Questioning,*
2019,CA-501,Transgender,109
2019,CA-502,Cisgender Man,4201
2019,CA-502,Cisgender Woman,3219
2019,CA-502,Client doesn't know,*
2019,CA-502,"Culturally Specific, Non-Binary, and/or a Different Identity",11
2019,CA-502,Questioning,*
2019,CA-502,Transgender,36
2019,CA-503,Cisgender Man,5892
2019,CA-503,Cisgender Woman,5523
2019,CA-503,Client doesn't know,16
2019,CA-503,"Culturally Specific, Non-Binary, and/or a Different Identity",28
2019,CA-503,Transgender,48
2019,CA-504,Cisgender Man,1787
2019,CA-504,Cisgender Woman,1440
2019,CA-504,Client doesn't know,11
2019,CA-504,"Culturally Specific, Non-Binary, and/or a Different Identity",*
2019,CA-504,Transgender,14
2019,CA-505,Cisgender Man,3852
2019,CA-505,Cisgender Woman,2714
2019,CA-505,Client doesn't know,12
2019,CA-505,"Culturally Specific, Non-Binary, and/or a Different Identity",*
2019,CA-505,Transgender,15
2019,CA-506,Cisgender Man,1235
2019,CA-506,Cisgender Woman,1293
2019,CA-506,"Culturally Specific, Non-Binary, and/or a Different Identity",*
2019,CA-506,Questioning,*
2019,CA-506,Transgender,*
2019,CA-507,Cisgender Man,711
2019,CA-507,Cisgender Woman,561
2019,CA-507,Client doesn't know,*
2019,CA-507,"Culturally Specific, Non-Binary, and/or a Different Identity",*
2019,CA-507,Transgender,*
2019,CA-508,Cisgender Man,1344
2019,CA-508,Cisgender Woman,859
2019,CA-508,Client doesn't know,47
2019,CA-508,"Culturally Specific, Non-Binary, and/or a Different Identity",*
2019,CA-508,Transgender,*
2019,CA-509,Cisgender Man,428
2019,CA-509,Cisgender Woman,359
2019,CA-509,Client doesn't know,16
2019,CA-509,"Culturally Specific, Non-Binary, and/or a Different Identity",*
2019,CA-509,Transgender,*
2019,CA-510,Cisgender Man,3399
2019,CA-510,Cisgender Woman,2820
2019,CA-510,"Culturally Specific, Non-Binary, and/or a Different Identity",*
2019,CA-510,Questioning,*
2019,CA-510,Transgender,*
2019,CA-511,Cisgender Man,4683
2019,CA-511,Cisgender Woman,4383
2019,CA-511,Client doesn't know,*
2019,CA-511,"Culturally Specific, Non-Binary, and/or a Different Identity",*
2019,CA-511,Transgender,*
2019,CA-512,Cisgender Man,2287
2019,CA-512,Cisgender Woman,1604
2019,CA-512,Transgender,14
2019,CA-513,Cisgender Man,1694
2019,CA-513,Cisgender Woman,1749
2019,CA-513,Client doesn't know,*
2019,CA-513,"Culturally Specific, Non-Binary, and/or a Different Identity",*
2019,CA-513,Transgender,*
2019,CA-514,Cisgender Man,1704
2019,CA-514,Cisgender Woman,1505
2019,CA-514,Client doesn't know,20
2019,CA-514,"Culturally Specific, Non-Binary, and/or a Different Identity",*
2019,CA-514,Questioning,*
2019,CA-514,Transgender,17
2019,CA-515,Cisgender Man,982
2019,CA-515,Cisgender Woman,785
2019,CA-515,Client doesn't know,*
2019,CA-515,"Culturally Specific, Non-Binary, and/or a Different Identity",*
2019,CA-515,Transgender,*
2019,CA-516,Cisgender Man,348
2019,CA-516,Cisgender Woman,388
2019,CA-516,Client doesn't know,160
2019,CA-517,Cisgender Man,554
2019,CA-517,Cisgender Woman,374
2019,CA-517,Client doesn't know,*
2019,CA-517,Transgender,*
2019,CA-518,Cisgender Man,565
2019,CA-518,Cisgender Woman,537
2019,CA-518,Client doesn't know,*
2019,CA-518,"Culturally Specific, Non-Binary, and/or a Different Identity",*
2019,CA-518,Transgender,*
2019,CA-519,Cisgender Man,982
2019,CA-519,Cisgender Woman,753
2019,CA-519,"Culturally Specific, Non-Binary, and/or a Different Identity",*
2019,CA-519,Questioning,*
2019,CA-519,Transgender,*
2019,CA-520,Cisgender Man,1505
2019,CA-520,Cisgender Woman,1572
2019,CA-520,"Culturally Specific, Non-Binary, and/or a Different Identity",*
2019,CA-520,Transgender,*
2019,CA-521,Cisgender Man,609
2019,CA-521,Cisgender Woman,587
2019,CA-521,Client doesn't know,*
2019,CA-521,"Culturally Specific, Non-Binary, and/or a Different Identity",*
2019,CA-521,Transgender,*
2019,CA-522,Cisgender Man,919
2019,CA-522,Cisgender Woman,572
2019,CA-522,Client doesn't know,135
2019,CA-522,"Culturally Specific, Non-Binary, and/or a Different Identity",11
2019,CA-522,Questioning,*
2019,CA-522,Transgender,11
2019,CA-523,Cisgender Man,170
2019,CA-523,Cisgender Woman,214
2019,CA-523,Client doesn't know,*
2019,CA-523,"Culturally Specific, Non-Binary, and/or a Different Identity",*
2019,CA-524,Cisgender Man,14
2019,CA-524,Cisgender Woman,14
2019,CA-525,Cisgender Man,209
2019,CA-525,Cisgender Woman,146
2019,CA-525,"Culturally Specific, Non-Binary, and/or a Different Identity",*
2019,CA-525,Transgender,*
2019,CA-526,Cisgender Man,325
2019,CA-526,Cisgender Woman,377
2019,CA-526,Transgender,*
2019,CA-527,Cisgender Man,234
2019,CA-527,Cisgender Woman,140
2019,CA-527,Client doesn't know,*
2019,CA-529,Cisgender Man,102
2019,CA-529,Cisgender Woman,134
2019,CA-530,Cisgender Man,75
2019,CA-530,Cisgender Woman,79
2019,CA-531,Cisgender Man,395
2019,CA-531,Cisgender Woman,215
2019,CA-531,Client doesn't know,*
2019,CA-531,"Culturally Specific, Non-Binary, and/or a Different Identity",*
2019,CA-531,Transgender,*
2019,CA-600,Cisgender Man,49701
2019,CA-600,Cisgender Woman,34433
2019,CA-600,Client doesn't know,612
2019,CA-600,"Culturally Specific, Non-Binary, and/or a Different Identity",108
2019,CA-600,Transgender,545
2019,CA-601,Cisgender Man,10034
2019,CA-601,Cisgender Woman,5942
2019,CA-601,Client doesn't know,140
2019,CA-601,"Culturally Specific, Non-Binary, and/or a Different Identity",23
2019,CA-601,Questioning,*
2019,CA-601,Transgender,71
2019,CA-602,Cisgender Man,7145
2019,CA-602,Cisgender Woman,5190
2019,CA-602,Client doesn't know,13
2019,CA-602,"Culturally Specific, Non-Binary, and/or a Different Identity",*
2019,CA-602,Transgender,33
2019,CA-603,Cisgender Man,1776
2019,CA-603,Cisgender Woman,1150
2019,CA-603,Client doesn't know,*
2019,CA-603,"Culturally Specific, Non-Binary, and/or a Different Identity",*
2019,CA-603,Transgender,*
2019,CA-604,Cisgender Man,2179
2019,CA-604,Cisgender Woman,1616
2019,CA-604,"Culturally Specific, Non-Binary, and/or a Different Identity",*
2019,CA-604,Transgender,*
2019,CA-606,Cisgender Man,1914
2019,CA-606,Cisgender Woman,1218
2019,CA-606,Client doesn't know,*
2019,CA-606,"Culturally Specific, Non-Binary, and/or a Different Identity",*
2019,CA-606,Transgender,*
2019,CA-607,Cisgender Man,951
2019,CA-607,Cisgender Woman,597
2019,CA-607,Client doesn't know,*
2019,CA-607,"Culturally Specific, Non-Binary, and/or a Different Identity",*
2019,CA-607,Transgender,14
2019,CA-608,Cisgender Man,4387
2019,CA-608,Cisgender Woman,3530
2019,CA-608,Client doesn't know,*
2019,CA-608,"Culturally Specific, Non-Binary, and/or a Different Identity",*
2019,CA-608,Transgender,25
2019,CA-609,Cisgender Man,3865
2019,CA-609,Cisgender Woman,3809
2019,CA-609,"Culturally Specific, Non-Binary, and/or a Different Identity",*
2019,CA-609,Transgender,*
2019,CA-611,Cisgender Man,1224
2019,CA-611,Cisgender Woman,1067
2019,CA-611,Client doesn't know,*
2019,CA-611,"Culturally Specific, Non-Binary, and/or a Different Identity",*
2019,CA-611,Transgender,*
2019,CA-612,Cisgender Man,202
2019,CA-612,Cisgender Woman,262
2019,CA-612,"Culturally Specific, Non-Binary, and/or a Different Identity",*
2019,CA-612,Transgender,*
2019,CA-613,Cisgender Man,543
2019,CA-613,Cisgender Woman,273
2019,CA-613,Client doesn't know,*
2019,CA-614,Cisgender Man,1154
2019,CA-614,Cisgender Woman,900
2019,CA-614,Client doesn't know,*
2019,CA-614,"Culturally Specific, Non-Binary, and/or a Different Identity",*
2019,CA-614,Transgender,*
2020,All,Cisgender Man,142585
2020,All,Cisgender Woman,102825
2020,All,Client doesn't know,1913
2020,All,"Culturally Specific, Non-Binary, and/or a Different Identity",441
2020,All,Questioning,11
2020,All,Transgender,1267
2020,CA-500,Cisgender Man,6897
2020,CA-500,Cisgender Woman,4622
2020,CA-500,Client doesn't know,42
2020,CA-500,"Culturally Specific, Non-Binary, and/or a Different Identity",26
2020,CA-500,Transgender,56
2020,CA-501,Cisgender Man,6885
2020,CA-501,Cisgender Woman,4434
2020,CA-501,Client doesn't know,105
2020,CA-501,"Culturally Specific, Non-Binary, and/or a Different Identity",70
2020,CA-501,Transgender,170
2020,CA-502,Cisgender Man,5329
2020,CA-502,Cisgender Woman,3621
2020,CA-502,Client doesn't know,*
2020,CA-502,"Culturally Specific, Non-Binary, and/or a Different Identity",22
2020,CA-502,Questioning,*
2020,CA-502,Transgender,35
2020,CA-503,Cisgender Man,5337
2020,CA-503,Cisgender Woman,4723
2020,CA-503,Client doesn't know,77
2020,CA-503,"Culturally Specific, Non-Binary, and/or a Different Identity",34
2020,CA-503,Questioning,*
2020,CA-503,Transgender,55
2020,CA-504,Cisgender Man,1725
2020,CA-504,Cisgender Woman,1253
2020,CA-504,Client doesn't know,17
2020,CA-504,"Culturally Specific, Non-Binary, and/or a Different Identity",*
2020,CA-504,Questioning,*
2020,CA-504,Transgender,12
2020,CA-505,Cisgender Man,2975
2020,CA-505,Cisgender Woman,2146
2020,CA-505,Client doesn't know,15
2020,CA-505,"Culturally Specific, Non-Binary, and/or a Different Identity",*
2020,CA-505,Transgender,16
2020,CA-506,Cisgender Man,1167
2020,CA-506,Cisgender Woman,1147
2020,CA-506,Client doesn't know,*
2020,CA-506,"Culturally Specific, Non-Binary, and/or a Different Identity",*
2020,CA-506,Transgender,*
2020,CA-507,Cisgender Man,639
2020,CA-507,Cisgender Woman,491
2020,CA-507,"Culturally Specific, Non-Binary, and/or a Different Identity",*
2020,CA-507,Transgender,*
2020,CA-508,Cisgender Man,1447
2020,CA-508,Cisgender Woman,954
2020,CA-508,Client doesn't know,16
2020,CA-508,"Culturally Specific, Non-Binary, and/or a Different Identity",*
2020,CA-508,Transgender,11
2020,CA-509,Cisgender Man,555
2020,CA-509,Cisgender Woman,508
2020,CA-509,Client doesn't know,*
2020,CA-509,"Culturally Specific, Non-Binary, and/or a Different Identity",*
2020,CA-509,Transgender,*
2020,CA-510,Cisgender Man,2605
2020,CA-510,Cisgender Woman,2199
2020,CA-510,"Culturally Specific, Non-Binary, and/or a Different Identity",11
2020,CA-510,Transgender,*
2020,CA-511,Cisgender Man,3607
2020,CA-511,Cisgender Woman,3134
2020,CA-511,Client doesn't know,*
2020,CA-511,"Culturally Specific, Non-Binary, and/or a Different Identity",*
2020,CA-511,Transgender,*
2020,CA-512,Cisgender Man,2194
2020,CA-512,Cisgender Woman,1482
2020,CA-512,"Culturally Specific, Non-Binary, and/or a Different Identity",*
2020,CA-512,Transgender,14
2020,CA-513,Cisgender Man,1621
2020,CA-513,Cisgender Woman,1670
2020,CA-513,"Culturally Specific, Non-Binary, and/or a Different Identity",*
2020,CA-513,Transgender,*
2020,CA-514,Cisgender Man,2747
2020,CA-514,Cisgender Woman,2253
2020,CA-514,Client doesn't know,*
2020,CA-514,"Culturally Specific, Non-Binary, and/or a Different Identity",*
2020,CA-514,Questioning,*
2020,CA-514,Transgender,17
2020,CA-515,Cisgender Man,1037
2020,CA-515,Cisgender Woman,817
2020,CA-515,Client doesn't know,14
2020,CA-515,"Culturally Specific, Non-Binary, and/or a Different Identity",*
2020,CA-515,Transgender,*
2020,CA-516,Cisgender Man,693
2020,CA-516,Cisgender Woman,666
2020,CA-516,Client doesn't know,179
2020,CA-516,Transgender,*
2020,CA-517,Cisgender Man,851
2020,CA-517,Cisgender Woman,509
2020,CA-517,Client doesn't know,*
2020,CA-517,Transgender,*
2020,CA-518,Cisgender Man,731
2020,CA-518,Cisgender Woman,530
2020,CA-518,Client doesn't know,*
2020,CA-518,"Culturally Specific, Non-Binary, and/or a Different Identity",*
2020,CA-518,Questioning,*
2020,CA-518,Transgender,*
2020,CA-519,Cisgender Man,1019
2020,CA-519,Cisgender Woman,818
2020,CA-519,Client doesn't know,*
2020,CA-519,"Culturally Specific, Non-Binary, and/or a Different Identity",*
2020,CA-519,Transgender,*
2020,CA-520,Cisgender Man,1281
2020,CA-520,Cisgender Woman,1349
2020,CA-520,"Culturally Specific, Non-Binary, and/or a Different Identity",*
2020,CA-520,Transgender,*
2020,CA-521,Cisgender Man,844
2020,CA-521,Cisgender Woman,695
2020,CA-521,Client doesn't know,*
2020,CA-521,"Culturally Specific, Non-Binary, and/or a Different Identity",*
2020,CA-521,Transgender,*
2020,CA-522,Cisgender Man,1043
2020,CA-522,Cisgender Woman,599
2020,CA-522,Client doesn't know,164
2020,CA-522,"Culturally Specific, Non-Binary, and/or a Different Identity",13
2020,CA-522,Transgender,*
2020,CA-523,Cisgender Man,239
2020,CA-523,Cisgender Woman,295
2020,CA-523,Client doesn't know,*
2020,CA-523,Transgender,*
2020,CA-524,Cisgender Man,317
2020,CA-524,Cisgender Woman,397
2020,CA-524,Transgender,*
2020,CA-525,Cisgender Man,255
2020,CA-525,Cisgender Woman,176
2020,CA-525,"Culturally Specific, Non-Binary, and/or a Different Identity",*
2020,CA-525,Transgender,*
2020,CA-526,Cisgender Man,340
2020,CA-526,Cisgender Woman,396
2020,CA-526,Transgender,*
2020,CA-527,Cisgender Man,269
2020,CA-527,Cisgender Woman,179
2020,CA-527,"Culturally Specific, Non-Binary, and/or a Different Identity",*
2020,CA-529,Cisgender Man,62
2020,CA-529,Cisgender Woman,68
2020,CA-530,Cisgender Man,114
2020,CA-530,Cisgender Woman,88
2020,CA-530,Client doesn't know,*
2020,CA-531,Cisgender Man,357
2020,CA-531,Cisgender Woman,186
2020,CA-531,Client doesn't know,*
2020,CA-531,"Culturally Specific, Non-Binary, and/or a Different Identity",*
2020,CA-531,Transgender,*
2020,CA-600,Cisgender Man,52200
2020,CA-600,Cisgender Woman,33641
2020,CA-600,Client doesn't know,878
2020,CA-600,"Culturally Specific, Non-Binary, and/or a Different Identity",131
2020,CA-600,Transgender,633
2020,CA-601,Cisgender Man,12457
2020,CA-601,Cisgender Woman,7709
2020,CA-601,Client doesn't know,301
2020,CA-601,"Culturally Specific, Non-Binary, and/or a Different Identity",41
2020,CA-601,Questioning,*
2020,CA-601,Transgender,82
2020,CA-602,Cisgender Man,6728
2020,CA-602,Cisgender Woman,5240
2020,CA-602,Client doesn't know,22
2020,CA-602,"Culturally Specific, Non-Binary, and/or a Different Identity",14
2020,CA-602,Questioning,*
2020,CA-602,Transgender,28
2020,CA-603,Cisgender Man,1865
2020,CA-603,Cisgender Woman,1250
2020,CA-603,Client doesn't know,11
2020,CA-603,"Culturally Specific, Non-Binary, and/or a Different Identity",11
2020,CA-603,Transgender,*
2020,CA-604,Cisgender Man,2315
2020,CA-604,Cisgender Woman,2161
2020,CA-604,"Culturally Specific, Non-Binary, and/or a Different Identity",*
2020,CA-604,Transgender,*
2020,CA-606,Cisgender Man,1874
2020,CA-606,Cisgender Woman,1290
2020,CA-606,Client doesn't know,12
2020,CA-606,"Culturally Specific, Non-Binary, and/or a Different Identity",*
2020,CA-606,Transgender,*
2020,CA-607,Cisgender Man,785
2020,CA-607,Cisgender Woman,528
2020,CA-607,Client doesn't know,*
2020,CA-607,"Culturally Specific, Non-Binary, and/or a Different Identity",*
2020,CA-607,Transgender,*
2020,CA-608,Cisgender Man,5017
2020,CA-608,Cisgender Woman,4030
2020,CA-608,Client doesn't know,*
2020,CA-608,"Culturally Specific, Non-Binary, and/or a Different Identity",*
2020,CA-608,Transgender,25
2020,CA-609,Cisgender Man,4537
2020,CA-609,Cisgender Woman,4366
2020,CA-609,Client doesn't know,*
2020,CA-609,"Culturally Specific, Non-Binary, and/or a Different Identity",*
2020,CA-609,Transgender,13
2020,CA-611,Cisgender Man,1426
2020,CA-611,Cisgender Woman,1158
2020,CA-611,Client doesn't know,*
2020,CA-611,"Culturally Specific, Non-Binary, and/or a Different Identity",*
2020,CA-611,Transgender,11
2020,CA-612,Cisgender Man,288
2020,CA-612,Cisgender Woman,279
2020,CA-612,"Culturally Specific, Non-Binary, and/or a Different Identity",*
2020,CA-612,Transgender,*
2020,CA-613,Cisgender Man,584
2020,CA-613,Cisgender Woman,404
2020,CA-613,Client doesn't know,*
2020,CA-613,"Culturally Specific, Non-Binary, and/or a Different Identity",*
2020,CA-614,Cisgender Man,993
2020,CA-614,Cisgender Woman,800
2020,CA-614,Client doesn't know,*
2020,CA-614,"Culturally Specific, Non-Binary, and/or a Different Identity",*
2020,CA-614,Transgender,*
2021,All,Cisgender Man,149058
2021,All,Cisgender Woman,108664
2021,All,Client doesn't know,3349
2021,All,"Culturally Specific, Non-Binary, and/or a Different Identity",620
2021,All,Questioning,27
2021,All,Transgender,1394
2021,CA-500,Cisgender Man,7330
2021,CA-500,Cisgender Woman,5281
2021,CA-500,Client doesn't know,56
2021,CA-500,"Culturally Specific, Non-Binary, and/or a Different Identity",35
2021,CA-500,Transgender,65
2021,CA-501,Cisgender Man,8325
2021,CA-501,Cisgender Woman,5329
2021,CA-501,Client doesn't know,100
2021,CA-501,"Culturally Specific, Non-Binary, and/or a Different Identity",101
2021,CA-501,Questioning,*
2021,CA-501,Transgender,186
2021,CA-502,Cisgender Man,5705
2021,CA-502,Cisgender Woman,4161
2021,CA-502,Client doesn't know,63
2021,CA-502,"Culturally Specific, Non-Binary, and/or a Different Identity",28
2021,CA-502,Questioning,*
2021,CA-502,Transgender,29
2021,CA-503,Cisgender Man,5386
2021,CA-503,Cisgender Woman,4978
2021,CA-503,Client doesn't know,244
2021,CA-503,"Culturally Specific, Non-Binary, and/or a Different Identity",48
2021,CA-503,Questioning,*
2021,CA-503,Transgender,58
2021,CA-504,Cisgender Man,1475
2021,CA-504,Cisgender Woman,1088
2021,CA-504,Client doesn't know,*
2021,CA-504,"Culturally Specific, Non-Binary, and/or a Different Identity",13
2021,CA-504,Questioning,*
2021,CA-504,Transgender,19
2021,CA-505,Cisgender Man,2678
2021,CA-505,Cisgender Woman,2009
2021,CA-505,Client doesn't know,*
2021,CA-505,"Culturally Specific, Non-Binary, and/or a Different Identity",*
2021,CA-505,Transgender,*
2021,CA-506,Cisgender Man,1366
2021,CA-506,Cisgender Woman,1204
2021,CA-506,Client doesn't know,*
2021,CA-506,"Culturally Specific, Non-Binary, and/or a Different Identity",*
2021,CA-506,Transgender,*
2021,CA-507,Cisgender Man,958
2021,CA-507,Cisgender Woman,728
2021,CA-507,Client doesn't know,95
2021,CA-507,"Culturally Specific, Non-Binary, and/or a Different Identity",*
2021,CA-507,Transgender,*
2021,CA-508,Cisgender Man,1432
2021,CA-508,Cisgender Woman,979
2021,CA-508,Client doesn't know,*
2021,CA-508,"Culturally Specific, Non-Binary, and/or a Different Identity",*
2021,CA-508,Transgender,11
2021,CA-509,Cisgender Man,702
2021,CA-509,Cisgender Woman,653
2021,CA-509,Client doesn't know,*
2021,CA-509,"Culturally Specific, Non-Binary, and/or a Different Identity",*
2021,CA-509,Transgender,*
2021,CA-510,Cisgender Man,2796
2021,CA-510,Cisgender Woman,2076
2021,CA-510,Client doesn't know,*
2021,CA-510,"Culturally Specific, Non-Binary, and/or a Different Identity",17
2021,CA-510,Questioning,*
2021,CA-510,Transgender,13
2021,CA-511,Cisgender Man,3168
2021,CA-511,Cisgender Woman,2809
2021,CA-511,Client doesn't know,39
2021,CA-511,"Culturally Specific, Non-Binary, and/or a Different Identity",*
2021,CA-511,Questioning,*
2021,CA-511,Transgender,*
2021,CA-512,Cisgender Man,2276
2021,CA-512,Cisgender Woman,1518
2021,CA-512,Client doesn't know,*
2021,CA-512,"Culturally Specific, Non-Binary, and/or a Different Identity",*
2021,CA-512,Transgender,15
2021,CA-513,Cisgender Man,1664
2021,CA-513,Cisgender Woman,1755
2021,CA-513,"Culturally Specific, Non-Binary, and/or a Different Identity",*
2021,CA-513,Transgender,*
2021,CA-514,Cisgender Man,3792
2021,CA-514,Cisgender Woman,3010
2021,CA-514,Client doesn't know,24
2021,CA-514,"Culturally Specific, Non-Binary, and/or a Different Identity",*
2021,CA-514,Questioning,*
2021,CA-514,Transgender,33
2021,CA-515,Cisgender Man,1204
2021,CA-515,Cisgender Woman,979
2021,CA-515,Client doesn't know,*
2021,CA-515,"Culturally Specific, Non-Binary, and/or a Different Identity",*
2021,CA-515,Transgender,*
2021,CA-516,Cisgender Man,936
2021,CA-516,Cisgender Woman,897
2021,CA-516,Client doesn't know,36
2021,CA-516,"Culturally Specific, Non-Binary, and/or a Different Identity",*
2021,CA-516,Questioning,*
2021,CA-516,Transgender,*
2021,CA-517,Cisgender Man,438
2021,CA-517,Cisgender Woman,305
2021,CA-517,Client doesn't know,*
2021,CA-517,"Culturally Specific, Non-Binary, and/or a Different Identity",*
2021,CA-517,Transgender,*
2021,CA-518,Cisgender Man,782
2021,CA-518,Cisgender Woman,568
2021,CA-518,"Culturally Specific, Non-Binary, and/or a Different Identity",*
2021,CA-518,Questioning,*
2021,CA-518,Transgender,*
2021,CA-519,Cisgender Man,1111
2021,CA-519,Cisgender Woman,914
2021,CA-519,Client doesn't know,*
2021,CA-519,"Culturally Specific, Non-Binary, and/or a Different Identity",*
2021,CA-519,Transgender,11
2021,CA-520,Cisgender Man,1285
2021,CA-520,Cisgender Woman,1040
2021,CA-520,Client doesn't know,*
2021,CA-520,"Culturally Specific, Non-Binary, and/or a Different Identity",*
2021,CA-520,Transgender,*
2021,CA-521,Cisgender Man,749
2021,CA-521,Cisgender Woman,660
2021,CA-521,Client doesn't know,*
2021,CA-521,"Culturally Specific, Non-Binary, and/or a Different Identity",*
2021,CA-521,Transgender,*
2021,CA-522,Cisgender Man,966
2021,CA-522,Cisgender Woman,603
2021,CA-522,Client doesn't know,84
2021,CA-522,"Culturally Specific, Non-Binary, and/or a Different Identity",19
2021,CA-522,Questioning,*
2021,CA-522,Transgender,*
2021,CA-523,Cisgender Man,316
2021,CA-523,Cisgender Woman,384
2021,CA-523,Client doesn't know,*
2021,CA-523,Transgender,*
2021,CA-524,Cisgender Man,1032
2021,CA-524,Cisgender Woman,1134
2021,CA-524,"Culturally Specific, Non-Binary, and/or a Different Identity",*
2021,CA-524,Transgender,*
2021,CA-525,Cisgender Man,231
2021,CA-525,Cisgender Woman,179
2021,CA-525,"Culturally Specific, Non-Binary, and/or a Different Identity",*
2021,CA-525,Transgender,*
2021,CA-526,Cisgender Man,346
2021,CA-526,Cisgender Woman,393
2021,CA-526,"Culturally Specific, Non-Binary, and/or a Different Identity",*
2021,CA-526,Transgender,*
2021,CA-527,Cisgender Man,150
2021,CA-527,Cisgender Woman,141
2021,CA-529,Cisgender Man,94
2021,CA-529,Cisgender Woman,92
2021,CA-529,Transgender,*
2021,CA-530,Cisgender Man,113
2021,CA-530,Cisgender Woman,110
2021,CA-531,Cisgender Man,396
2021,CA-531,Cisgender Woman,298
2021,CA-531,Client doesn't know,30
2021,CA-531,"Culturally Specific, Non-Binary, and/or a Different Identity",*
2021,CA-531,Transgender,*
2021,CA-600,Cisgender Man,51108
2021,CA-600,Cisgender Woman,32584
2021,CA-600,Client doesn't know,959
2021,CA-600,"Culturally Specific, Non-Binary, and/or a Different Identity",157
2021,CA-600,Questioning,*
2021,CA-600,Transgender,617
2021,CA-601,Cisgender Man,13567
2021,CA-601,Cisgender Woman,9129
2021,CA-601,Client doesn't know,96
2021,CA-601,"Culturally Specific, Non-Binary, and/or a Different Identity",49
2021,CA-601,Questioning,*
2021,CA-601,Transgender,97
2021,CA-602,Cisgender Man,8302
2021,CA-602,Cisgender Woman,5944
2021,CA-602,Client doesn't know,1350
2021,CA-602,"Culturally Specific, Non-Binary, and/or a Different Identity",42
2021,CA-602,Questioning,*
2021,CA-602,Transgender,47
2021,CA-603,Cisgender Man,2140
2021,CA-603,Cisgender Woman,1554
2021,CA-603,Client doesn't know,*
2021,CA-603,"Culturally Specific, Non-Binary, and/or a Different Identity",15
2021,CA-603,Questioning,*
2021,CA-603,Transgender,13
2021,CA-604,Cisgender Man,3557
2021,CA-604,Cisgender Woman,3257
2021,CA-604,"Culturally Specific, Non-Binary, and/or a Different Identity",*
2021,CA-604,Questioning,*
2021,CA-604,Transgender,20
2021,CA-606,Cisgender Man,1851
2021,CA-606,Cisgender Woman,1117
2021,CA-606,Client doesn't know,47
2021,CA-606,"Culturally Specific, Non-Binary, and/or a Different Identity",*
2021,CA-606,Transgender,*
2021,CA-607,Cisgender Man,586
2021,CA-607,Cisgender Woman,411
2021,CA-607,Client doesn't know,24
2021,CA-607,Transgender,*
2021,CA-608,Cisgender Man,4421
2021,CA-608,Cisgender Woman,4000
2021,CA-608,Client doesn't know,13
2021,CA-608,"Culturally Specific, Non-Binary, and/or a Different Identity",14
2021,CA-608,Transgender,40
2021,CA-609,Cisgender Man,4154
2021,CA-609,Cisgender Woman,3913
2021,CA-609,Client doesn't know,*
2021,CA-609,"Culturally Specific, Non-Binary, and/or a Different Identity",*
2021,CA-609,Questioning,*
2021,CA-609,Transgender,16
2021,CA-611,Cisgender Man,1493
2021,CA-611,Cisgender Woman,1076
2021,CA-611,Client doesn't know,17
2021,CA-611,"Culturally Specific, Non-Binary, and/or a Different Identity",*
2021,CA-611,Transgender,16
2021,CA-612,Cisgender Man,338
2021,CA-612,Cisgender Woman,259
2021,CA-612,"Culturally Specific, Non-Binary, and/or a Different Identity",*
2021,CA-612,Transgender,12
2021,CA-613,Cisgender Man,872
2021,CA-613,Cisgender Woman,777
2021,CA-613,Client doesn't know,11
2021,CA-613,"Culturally Specific, Non-Binary, and/or a Different Identity",*
2021,CA-613,Transgender,*
2021,CA-614,Cisgender Man,1338
2021,CA-614,Cisgender Woman,1031
2021,CA-614,Client doesn't know,*
2021,CA-614,"Culturally Specific, Non-Binary, and/or a Different Identity",*
2021,CA-614,Transgender,11
2022,All,Cisgender Man,168592
2022,All,Cisgender Woman,127986
2022,All,Client doesn't know,4944
2022,All,"Culturally Specific, Non-Binary, and/or a Different Identity",824
2022,All,Questioning,58
2022,All,Transgender,1638
2022,CA-500,Cisgender Man,8051
2022,CA-500,Cisgender Woman,6076
2022,CA-500,Client doesn't know,56
2022,CA-500,"Culturally Specific, Non-Binary, and/or a Different Identity",34
2022,CA-500,Transgender,56
2022,CA-501,Cisgender Man,10880
2022,CA-501,Cisgender Woman,6871
2022,CA-501,Client doesn't know,121
2022,CA-501,"Culturally Specific, Non-Binary, and/or a Different Identity",138
2022,CA-501,Questioning,*
2022,CA-501,Transgender,253
2022,CA-502,Cisgender Man,6741
2022,CA-502,Cisgender Woman,4896
2022,CA-502,Client doesn't know,*
2022,CA-502,"Culturally Specific, Non-Binary, and/or a Different Identity",42
2022,CA-502,Questioning,*
2022,CA-502,Transgender,36
2022,CA-503,Cisgender Man,5845
2022,CA-503,Cisgender Woman,5726
2022,CA-503,Client doesn't know,212
2022,CA-503,"Culturally Specific, Non-Binary, and/or a Different Identity",71
2022,CA-503,Questioning,*
2022,CA-503,Transgender,59
2022,CA-504,Cisgender Man,1388
2022,CA-504,Cisgender Woman,1123
2022,CA-504,Client doesn't know,*
2022,CA-504,"Culturally Specific, Non-Binary, and/or a Different Identity",*
2022,CA-504,Questioning,*
2022,CA-504,Transgender,12
2022,CA-505,Cisgender Man,3231
2022,CA-505,Cisgender Woman,2568
2022,CA-505,Client doesn't know,*
2022,CA-505,"Culturally Specific, Non-Binary, and/or a Different Identity",*
2022,CA-505,Transgender,19
2022,CA-506,Cisgender Man,1499
2022,CA-506,Cisgender Woman,1385
2022,CA-506,Client doesn't know,*
2022,CA-506,"Culturally Specific, Non-Binary, and/or a Different Identity",*
2022,CA-506,Questioning,*
2022,CA-506,Transgender,*
2022,CA-507,Cisgender Man,997
2022,CA-507,Cisgender Woman,810
2022,CA-507,Client doesn't know,*
2022,CA-507,"Culturally Specific, Non-Binary, and/or a Different Identity",*
2022,CA-507,Questioning,*
2022,CA-507,Transgender,*
2022,CA-508,Cisgender Man,999
2022,CA-508,Cisgender Woman,821
2022,CA-508,Client doesn't know,*
2022,CA-508,"Culturally Specific, Non-Binary, and/or a Different Identity",*
2022,CA-508,Transgender,*
2022,CA-509,Cisgender Man,831
2022,CA-509,Cisgender Woman,826
2022,CA-509,Client doesn't know,*
2022,CA-509,"Culturally Specific, Non-Binary, and/or a Different Identity",*
2022,CA-510,Cisgender Man,3580
2022,CA-510,Cisgender Woman,2659
2022,CA-510,Client doesn't know,14
2022,CA-510,"Culturally Specific, Non-Binary, and/or a Different Identity",20
2022,CA-510,Questioning,*
2022,CA-510,Transgender,12
2022,CA-511,Cisgender Man,4329
2022,CA-511,Cisgender Woman,4135
2022,CA-511,Client doesn't know,32
2022,CA-511,"Culturally Specific, Non-Binary, and/or a Different Identity",*
2022,CA-511,Questioning,*
2022,CA-511,Transgender,13
2022,CA-512,Cisgender Man,2473
2022,CA-512,Cisgender Woman,1784
2022,CA-512,Client doesn't know,*
2022,CA-512,"Culturally Specific, Non-Binary, and/or a Different Identity",*
2022,CA-512,Transgender,17
2022,CA-513,Cisgender Man,1993
2022,CA-513,Cisgender Woman,2155
2022,CA-513,"Culturally Specific, Non-Binary, and/or a Different Identity",*
2022,CA-513,Transgender,*
2022,CA-514,Cisgender Man,4853
2022,CA-514,Cisgender Woman,3664
2022,CA-514,Client doesn't know,31
2022,CA-514,"Culturally Specific, Non-Binary, and/or a Different Identity",*
2022,CA-514,Questioning,*
2022,CA-514,Transgender,30
2022,CA-515,Cisgender Man,1424
2022,CA-515,Cisgender Woman,1224
2022,CA-515,Client doesn't know,12
2022,CA-515,"Culturally Specific, Non-Binary, and/or a Different Identity",*
2022,CA-515,Questioning,*
2022,CA-515,Transgender,*
2022,CA-516,Cisgender Man,1162
2022,CA-516,Cisgender Woman,1122
2022,CA-516,Client doesn't know,*
2022,CA-516,"Culturally Specific, Non-Binary, and/or a Different Identity",*
2022,CA-516,Questioning,*
2022,CA-516,Transgender,*
2022,CA-517,Cisgender Man,577
2022,CA-517,Cisgender Woman,350
2022,CA-517,Client doesn't know,*
2022,CA-517,"Culturally Specific, Non-Binary, and/or a Different Identity",*
2022,CA-517,Transgender,*
2022,CA-518,Cisgender Man,741
2022,CA-518,Cisgender Woman,531
2022,CA-518,Questioning,*
2022,CA-518,Transgender,*
2022,CA-519,Cisgender Man,1402
2022,CA-519,Cisgender Woman,1081
2022,CA-519,Client doesn't know,*
2022,CA-519,"Culturally Specific, Non-Binary, and/or a Different Identity",11
2022,CA-519,Transgender,14
2022,CA-520,Cisgender Man,1528
2022,CA-520,Cisgender Woman,1480
2022,CA-520,Client doesn't know,*
2022,CA-520,"Culturally Specific, Non-Binary, and/or a Different Identity",*
2022,CA-520,Transgender,*
2022,CA-521,Cisgender Man,704
2022,CA-521,Cisgender Woman,718
2022,CA-521,Client doesn't know,65
2022,CA-521,"Culturally Specific, Non-Binary, and/or a Different Identity",*
2022,CA-521,Transgender,*
2022,CA-522,Cisgender Man,1286
2022,CA-522,Cisgender Woman,931
2022,CA-522,Client doesn't know,81
2022,CA-522,"Culturally Specific, Non-Binary, and/or a Different Identity",29
2022,CA-522,Questioning,*
2022,CA-522,Transgender,18
2022,CA-523,Cisgender Man,285
2022,CA-523,Cisgender Woman,338
2022,CA-523,Client doesn't know,*
2022,CA-523,"Culturally Specific, Non-Binary, and/or a Different Identity",*
2022,CA-524,Cisgender Man,1240
2022,CA-524,Cisgender Woman,1390
2022,CA-524,"Culturally Specific, Non-Binary, and/or a Different Identity",*
2022,CA-524,Transgender,*
2022,CA-525,Cisgender Man,268
2022,CA-525,Cisgender Woman,209
2022,CA-525,"Culturally Specific, Non-Binary, and/or a Different Identity",*
2022,CA-525,Transgender,*
2022,CA-526,Cisgender Man,457
2022,CA-526,Cisgender Woman,550
2022,CA-526,Client doesn't know,*
2022,CA-526,"Culturally Specific, Non-Binary, and/or a Different Identity",*
2022,CA-526,Questioning,*
2022,CA-526,Transgender,*
2022,CA-527,Cisgender Man,363
2022,CA-527,Cisgender Woman,335
2022,CA-527,Client doesn't know,*
2022,CA-527,"Culturally Specific, Non-Binary, and/or a Different Identity",*
2022,CA-527,Transgender,*
2022,CA-529,Cisgender Man,79
2022,CA-529,Cisgender Woman,95
2022,CA-529,"Culturally Specific, Non-Binary, and/or a Different Identity",*
2022,CA-529,Transgender,*
2022,CA-530,Cisgender Man,103
2022,CA-530,Cisgender Woman,100
2022,CA-531,Cisgender Man,559
2022,CA-531,Cisgender Woman,469
2022,CA-531,Client doesn't know,26
2022,CA-531,"Culturally Specific, Non-Binary, and/or a Different Identity",*
2022,CA-531,Transgender,*
2022,CA-600,Cisgender Man,53280
2022,CA-600,Cisgender Woman,35347
2022,CA-600,Client doesn't know,1182
2022,CA-600,"Culturally Specific, Non-Binary, and/or a Different Identity",196
2022,CA-600,Questioning,*
2022,CA-600,Transgender,691
2022,CA-601,Cisgender Man,14526
2022,CA-601,Cisgender Woman,10542
2022,CA-601,Client doesn't know,56
2022,CA-601,"Culturally Specific, Non-Binary, and/or a Different Identity",76
2022,CA-601,Questioning,*
2022,CA-601,Transgender,144
2022,CA-602,Cisgender Man,10745
2022,CA-602,Cisgender Woman,7660
2022,CA-602,Client doesn't know,2904
2022,CA-602,"Culturally Specific, Non-Binary, and/or a Different Identity",48
2022,CA-602,Questioning,*
2022,CA-602,Transgender,52
2022,CA-603,Cisgender Man,2490
2022,CA-603,Cisgender Woman,1891
2022,CA-603,Client doesn't know,*
2022,CA-603,"Culturally Specific, Non-Binary, and/or a Different Identity",15
2022,CA-603,Questioning,*
2022,CA-603,Transgender,11
2022,CA-604,Cisgender Man,4055
2022,CA-604,Cisgender Woman,3489
2022,CA-604,"Culturally Specific, Non-Binary, and/or a Different Identity",*
2022,CA-604,Questioning,*
2022,CA-604,Transgender,21
2022,CA-606,Cisgender Man,2313
2022,CA-606,Cisgender Woman,1448
2022,CA-606,Client doesn't know,*
2022,CA-606,"Culturally Specific, Non-Binary, and/or a Different Identity",*
2022,CA-606,Questioning,*
2022,CA-606,Transgender,14
2022,CA-607,Cisgender Man,720
2022,CA-607,Cisgender Woman,528
2022,CA-607,Client doesn't know,34
2022,CA-607,"Culturally Specific, Non-Binary, and/or a Different Identity",*
2022,CA-607,Transgender,11
2022,CA-608,Cisgender Man,5603
2022,CA-608,Cisgender Woman,5146
2022,CA-608,Client doesn't know,22
2022,CA-608,"Culturally Specific, Non-Binary, and/or a Different Identity",25
2022,CA-608,Questioning,*
2022,CA-608,Transgender,66
2022,CA-609,Cisgender Man,4887
2022,CA-609,Cisgender Woman,4888
2022,CA-609,Client doesn't know,*
2022,CA-609,"Culturally Specific, Non-Binary, and/or a Different Identity",12
2022,CA-609,Questioning,*
2022,CA-609,Transgender,22
2022,CA-611,Cisgender Man,1779
2022,CA-611,Cisgender Woman,1350
2022,CA-611,Client doesn't know,18
2022,CA-611,"Culturally Specific, Non-Binary, and/or a Different Identity",*
2022,CA-611,Transgender,17
2022,CA-612,Cisgender Man,440
2022,CA-612,Cisgender Woman,331
2022,CA-612,"Culturally Specific, Non-Binary, and/or a Different Identity",*
2022,CA-612,Transgender,15
2022,CA-613,Cisgender Man,881
2022,CA-613,Cisgender Woman,976
2022,CA-613,Client doesn't know,*
2022,CA-613,"Culturally Specific, Non-Binary, and/or a Different Identity",*
2022,CA-613,Transgender,*
2022,CA-614,Cisgender Man,1510
2022,CA-614,Cisgender Woman,1247
2022,CA-614,Client doesn't know,*
2022,CA-614,"Culturally Specific, Non-Binary, and/or a Different Identity",*
2022,CA-614,Transgender,*
2023,All,Cisgender Man,186027
2023,All,Cisgender Woman,142351
2023,All,Client doesn't know,5337
2023,All,"Culturally Specific, Non-Binary, and/or a Different Identity",998
2023,All,Questioning,83
2023,All,Transgender,1832
2023,CA-500,Cisgender Man,8734
2023,CA-500,Cisgender Woman,6696
2023,CA-500,Client doesn't know,18
2023,CA-500,"Culturally Specific, Non-Binary, and/or a Different Identity",43
2023,CA-500,Questioning,*
2023,CA-500,Transgender,60
2023,CA-501,Cisgender Man,11779
2023,CA-501,Cisgender Woman,7811
2023,CA-501,Client doesn't know,185
2023,CA-501,"Culturally Specific, Non-Binary, and/or a Different Identity",171
2023,CA-501,Questioning,*
2023,CA-501,Transgender,286
2023,CA-502,Cisgender Man,7499
2023,CA-502,Cisgender Woman,5742
2023,CA-502,Client doesn't know,*
2023,CA-502,"Culturally Specific, Non-Binary, and/or a Different Identity",54
2023,CA-502,Questioning,*
2023,CA-502,Transgender,41
2023,CA-503,Cisgender Man,6318
2023,CA-503,Cisgender Woman,6355
2023,CA-503,Client doesn't know,455
2023,CA-503,"Culturally Specific, Non-Binary, and/or a Different Identity",71
2023,CA-503,Questioning,*
2023,CA-503,Transgender,51
2023,CA-504,Cisgender Man,1757
2023,CA-504,Cisgender Woman,1379
2023,CA-504,Client doesn't know,*
2023,CA-504,"Culturally Specific, Non-Binary, and/or a Different Identity",*
2023,CA-504,Questioning,*
2023,CA-504,Transgender,18
2023,CA-505,Cisgender Man,3892
2023,CA-505,Cisgender Woman,3183
2023,CA-505,Client doesn't know,*
2023,CA-505,"Culturally Specific, Non-Binary, and/or a Different Identity",*
2023,CA-505,Transgender,22
2023,CA-506,Cisgender Man,1714
2023,CA-506,Cisgender Woman,1550
2023,CA-506,Client doesn't know,*
2023,CA-506,"Culturally Specific, Non-Binary, and/or a Different Identity",*
2023,CA-506,Questioning,*
2023,CA-506,Transgender,*
2023,CA-507,Cisgender Man,1044
2023,CA-507,Cisgender Woman,857
2023,CA-507,Client doesn't know,*
2023,CA-507,"Culturally Specific, Non-Binary, and/or a Different Identity",*
2023,CA-507,Transgender,*
2023,CA-508,Cisgender Man,1140
2023,CA-508,Cisgender Woman,800
2023,CA-508,Client doesn't know,*
2023,CA-508,"Culturally Specific, Non-Binary, and/or a Different Identity",*
2023,CA-508,Transgender,*
2023,CA-509,Cisgender Man,742
2023,CA-509,Cisgender Woman,718
2023,CA-509,Client doesn't know,*
2023,CA-509,"Culturally Specific, Non-Binary, and/or a Different Identity",*
2023,CA-509,Transgender,*
2023,CA-510,Cisgender Man,3479
2023,CA-510,Cisgender Woman,2877
2023,CA-510,Client doesn't know,*
2023,CA-510,"Culturally Specific, Non-Binary, and/or a Different Identity",18
2023,CA-510,Questioning,*
2023,CA-510,Transgender,18
2023,CA-511,Cisgender Man,4603
2023,CA-511,Cisgender Woman,4334
2023,CA-511,Client doesn't know,32
2023,CA-511,"Culturally Specific, Non-Binary, and/or a Different Identity",*
2023,CA-511,Questioning,*
2023,CA-511,Transgender,19
2023,CA-512,Cisgender Man,2819
2023,CA-512,Cisgender Woman,1951
2023,CA-512,Client doesn't know,17
2023,CA-512,"Culturally Specific, Non-Binary, and/or a Different Identity",*
2023,CA-512,Transgender,16
2023,CA-513,Cisgender Man,2381
2023,CA-513,Cisgender Woman,2460
2023,CA-513,"Culturally Specific, Non-Binary, and/or a Different Identity",*
2023,CA-513,Transgender,11
2023,CA-514,Cisgender Man,6548
2023,CA-514,Cisgender Woman,4900
2023,CA-514,Client doesn't know,66
2023,CA-514,"Culturally Specific, Non-Binary, and/or a Different Identity",23
2023,CA-514,Questioning,*
2023,CA-514,Transgender,40
2023,CA-515,Cisgender Man,1427
2023,CA-515,Cisgender Woman,1181
2023,CA-515,Client doesn't know,12
2023,CA-515,"Culturally Specific, Non-Binary, and/or a Different Identity",13
2023,CA-515,Questioning,*
2023,CA-515,Transgender,*
2023,CA-516,Cisgender Man,1257
2023,CA-516,Cisgender Woman,1248
2023,CA-516,Client doesn't know,*
2023,CA-516,"Culturally Specific, Non-Binary, and/or a Different Identity",*
2023,CA-516,Questioning,*
2023,CA-516,Transgender,*
2023,CA-517,Cisgender Man,609
2023,CA-517,Cisgender Woman,428
2023,CA-517,Client doesn't know,*
2023,CA-517,Transgender,*
2023,CA-518,Cisgender Man,783
2023,CA-518,Cisgender Woman,641
2023,CA-518,Client doesn't know,*
2023,CA-518,"Culturally Specific, Non-Binary, and/or a Different Identity",*
2023,CA-518,Questioning,*
2023,CA-518,Transgender,*
2023,CA-519,Cisgender Man,2281
2023,CA-519,Cisgender Woman,2003
2023,CA-519,Client doesn't know,88
2023,CA-519,"Culturally Specific, Non-Binary, and/or a Different Identity",15
2023,CA-519,Questioning,*
2023,CA-519,Transgender,17
2023,CA-520,Cisgender Man,1672
2023,CA-520,Cisgender Woman,1772
2023,CA-520,Client doesn't know,*
2023,CA-520,"Culturally Specific, Non-Binary, and/or a Different Identity",*
2023,CA-520,Questioning,*
2023,CA-520,Transgender,*
2023,CA-521,Cisgender Man,676
2023,CA-521,Cisgender Woman,733
2023,CA-521,Client doesn't know,144
2023,CA-521,"Culturally Specific, Non-Binary, and/or a Different Identity",*
2023,CA-521,Transgender,*
2023,CA-522,Cisgender Man,1475
2023,CA-522,Cisgender Woman,1155
2023,CA-522,Client doesn't know,78
2023,CA-522,"Culturally Specific, Non-Binary, and/or a Different Identity",36
2023,CA-522,Questioning,*
2023,CA-522,Transgender,*
2023,CA-523,Cisgender Man,257
2023,CA-523,Cisgender Woman,326
2023,CA-523,Client doesn't know,*
2023,CA-524,Cisgender Man,1461
2023,CA-524,Cisgender Woman,1552
2023,CA-524,"Culturally Specific, Non-Binary, and/or a Different Identity",*
2023,CA-524,Transgender,*
2023,CA-525,Cisgender Man,356
2023,CA-525,Cisgender Woman,267
2023,CA-525,"Culturally Specific, Non-Binary, and/or a Different Identity",*
2023,CA-525,Questioning,*
2023,CA-525,Transgender,*
2023,CA-526,Cisgender Man,429
2023,CA-526,Cisgender Woman,530
2023,CA-526,Client doesn't know,*
2023,CA-526,"Culturally Specific, Non-Binary, and/or a Different Identity",*
2023,CA-526,Questioning,*
2023,CA-526,Transgender,*
2023,CA-527,Cisgender Man,379
2023,CA-527,Cisgender Woman,309
2023,CA-527,Client doesn't know,*
2023,CA-527,"Culturally Specific, Non-Binary, and/or a Different Identity",*
2023,CA-527,Transgender,*
2023,CA-529,Cisgender Man,234
2023,CA-529,Cisgender Woman,209
2023,CA-529,"Culturally Specific, Non-Binary, and/or a Different Identity",*
2023,CA-529,Transgender,*
2023,CA-530,Cisgender Man,60
2023,CA-530,Cisgender Woman,72
2023,CA-531,Cisgender Man,675
2023,CA-531,Cisgender Woman,530
2023,CA-531,Client doesn't know,11
2023,CA-531,"Culturally Specific, Non-Binary, and/or a Different Identity",12
2023,CA-531,Transgender,*
2023,CA-600,Cisgender Man,58926
2023,CA-600,Cisgender Woman,38894
2023,CA-600,Client doesn't know,1179
2023,CA-600,"Culturally Specific, Non-Binary, and/or a Different Identity",252
2023,CA-600,Questioning,18
2023,CA-600,Transgender,787
2023,CA-601,Cisgender Man,15287
2023,CA-601,Cisgender Woman,11647
2023,CA-601,Client doesn't know,51
2023,CA-601,"Culturally Specific, Non-Binary, and/or a Different Identity",88
2023,CA-601,Questioning,13
2023,CA-601,Transgender,152
2023,CA-602,Cisgender Man,11135
2023,CA-602,Cisgender Woman,8055
2023,CA-602,Client doesn't know,2762
2023,CA-602,"Culturally Specific, Non-Binary, and/or a Different Identity",56
2023,CA-602,Questioning,*
2023,CA-602,Transgender,67
2023,CA-603,Cisgender Man,2757
2023,CA-603,Cisgender Woman,1988
2023,CA-603,Client doesn't know,74
2023,CA-603,"Culturally Specific, Non-Binary, and/or a Different Identity",14
2023,CA-603,Transgender,*
2023,CA-604,Cisgender Man,4185
2023,CA-604,Cisgender Woman,3673
2023,CA-604,Client doesn't know,*
2023,CA-604,"Culturally Specific, Non-Binary, and/or a Different Identity",14
2023,CA-604,Transgender,24
2023,CA-606,Cisgender Man,3913
2023,CA-606,Cisgender Woman,2164
2023,CA-606,Client doesn't know,16
2023,CA-606,"Culturally Specific, Non-Binary, and/or a Different Identity",13
2023,CA-606,Questioning,*
2023,CA-606,Transgender,29
2023,CA-607,Cisgender Man,894
2023,CA-607,Cisgender Woman,565
2023,CA-607,Client doesn't know,30
2023,CA-607,"Culturally Specific, Non-Binary, and/or a Different Identity",*
2023,CA-607,Transgender,18
2023,CA-608,Cisgender Man,6717
2023,CA-608,Cisgender Woman,6011
2023,CA-608,Client doesn't know,24
2023,CA-608,"Culturally Specific, Non-Binary, and/or a Different Identity",29
2023,CA-608,Questioning,*
2023,CA-608,Transgender,74
2023,CA-609,Cisgender Man,4463
2023,CA-609,Cisgender Woman,4557
2023,CA-609,Client doesn't know,*
2023,CA-609,"Culturally Specific, Non-Binary, and/or a Different Identity",11
2023,CA-609,Questioning,*
2023,CA-609,Transgender,19
2023,CA-611,Cisgender Man,1755
2023,CA-611,Cisgender Woman,1362
2023,CA-611,Client doesn't know,20
2023,CA-611,"Culturally Specific, Non-Binary, and/or a Different Identity",*
2023,CA-611,Questioning,*
2023,CA-611,Transgender,18
2023,CA-612,Cisgender Man,449
2023,CA-612,Cisgender Woman,386
2023,CA-612,"Culturally Specific, Non-Binary, and/or a Different Identity",*
2023,CA-612,Transgender,16
2023,CA-613,Cisgender Man,815
2023,CA-613,Cisgender Woman,983
2023,CA-613,Client doesn't know,*
2023,CA-613,"Culturally Specific, Non-Binary, and/or a Different Identity",*
2023,CA-613,Transgender,*
2023,CA-614,Cisgender Man,1716
2023,CA-614,Cisgender Woman,1420
2023,CA-614,Client doesn't know,*
2023,CA-614,"Culturally Specific, Non-Binary, and/or a Different Identity",*
2023,CA-614,Transgender,*
2024,All,Cisgender Man,172485
2024,All,Cisgender Woman,130828
2024,All,Client doesn't know,3001
2024,All,"Culturally Specific, Non-Binary, and/or a Different Identity",940
2024,All,Questioning,60
2024,All,Transgender,1735
2024,All,Unknown,*
2024,CA-500,Cisgender Man,7919
2024,CA-500,Cisgender Woman,5892
2024,CA-500,Client doesn't know,12
2024,CA-500,"Culturally Specific, Non-Binary, and/or a Different Identity",42
2024,CA-500,Questioning,*
2024,CA-500,Transgender,54
2024,CA-501,Cisgender Man,11352
2024,CA-501,Cisgender Woman,7570
2024,CA-501,Client doesn't know,178
2024,CA-501,"Culturally Specific, Non-Binary, and/or a Different Identity",173
2024,CA-501,Questioning,*
2024,CA-501,Transgender,299
2024,CA-502,Cisgender Man,7445
2024,CA-502,Cisgender Woman,5342
2024,CA-502,Client doesn't know,12
2024,CA-502,"Culturally Specific, Non-Binary, and/or a Different Identity",52
2024,CA-502,Questioning,*
2024,CA-502,Transgender,44
2024,CA-503,Cisgender Man,6224
2024,CA-503,Cisgender Woman,6289
2024,CA-503,Client doesn't know,417
2024,CA-503,"Culturally Specific, Non-Binary, and/or a Different Identity",62
2024,CA-503,Questioning,*
2024,CA-503,Transgender,60
2024,CA-504,Cisgender Man,1914
2024,CA-504,Cisgender Woman,1416
2024,CA-504,Client doesn't know,*
2024,CA-504,"Culturally Specific, Non-Binary, and/or a Different Identity",14
2024,CA-504,Questioning,*
2024,CA-504,Transgender,16
2024,CA-505,Cisgender Man,4341
2024,CA-505,Cisgender Woman,3630
2024,CA-505,Client doesn't know,*
2024,CA-505,"Culturally Specific, Non-Binary, and/or a Different Identity",12
2024,CA-505,Questioning,*
2024,CA-505,Transgender,24
2024,CA-505,Unknown,*
2024,CA-506,Cisgender Man,1614
2024,CA-506,Cisgender Woman,1556
2024,CA-506,Client doesn't know,*
2024,CA-506,"Culturally Specific, Non-Binary, and/or a Different Identity",*
2024,CA-506,Questioning,*
2024,CA-506,Transgender,*
2024,CA-507,Cisgender Man,933
2024,CA-507,Cisgender Woman,735
2024,CA-507,Client doesn't know,12
2024,CA-507,"Culturally Specific, Non-Binary, and/or a Different Identity",*
2024,CA-507,Transgender,*
2024,CA-508,Cisgender Man,962
2024,CA-508,Cisgender Woman,755
2024,CA-508,Client doesn't know,*
2024,CA-508,"Culturally Specific, Non-Binary, and/or a Different Identity",*
2024,CA-508,Transgender,*
2024,CA-509,Cisgender Man,597
2024,CA-509,Cisgender Woman,512
2024,CA-509,Client doesn't know,*
2024,CA-509,"Culturally Specific, Non-Binary, and/or a Different Identity",*
2024,CA-509,Transgender,*
2024,CA-510,Cisgender Man,2779
2024,CA-510,Cisgender Woman,2358
2024,CA-510,Client doesn't know,*
2024,CA-510,"Culturally Specific, Non-Binary, and/or a Different Identity",18
2024,CA-510,Questioning,*
2024,CA-510,Transgender,17
2024,CA-511,Cisgender Man,4165
2024,CA-511,Cisgender Woman,4004
2024,CA-511,Client doesn't know,*
2024,CA-511,"Culturally Specific, Non-Binary, and/or a Different Identity",*
2024,CA-511,Questioning,*
2024,CA-511,Transgender,20
2024,CA-512,Cisgender Man,2810
2024,CA-512,Cisgender Woman,1876
2024,CA-512,Client doesn't know,*
2024,CA-512,"Culturally Specific, Non-Binary, and/or a Different Identity",*
2024,CA-512,Transgender,21
2024,CA-513,Cisgender Man,2377
2024,CA-513,Cisgender Woman,2461
2024,CA-513,"Culturally Specific, Non-Binary, and/or a Different Identity",*
2024,CA-513,Questioning,*
2024,CA-513,Transgender,*
2024,CA-514,Cisgender Man,6056
2024,CA-514,Cisgender Woman,4565
2024,CA-514,Client doesn't know,76
2024,CA-514,"Culturally Specific, Non-Binary, and/or a Different Identity",25
2024,CA-514,Questioning,*
2024,CA-514,Transgender,30
2024,CA-515,Cisgender Man,1219
2024,CA-515,Cisgender Woman,1037
2024,CA-515,Client doesn't know,22
2024,CA-515,"Culturally Specific, Non-Binary, and/or a Different Identity",11
2024,CA-515,Questioning,*
2024,CA-515,Transgender,*
2024,CA-516,Cisgender Man,1180
2024,CA-516,Cisgender Woman,1096
2024,CA-516,Client doesn't know,20
2024,CA-516,"Culturally Specific, Non-Binary, and/or a Different Identity",*
2024,CA-516,Questioning,*
2024,CA-516,Transgender,*
2024,CA-517,Cisgender Man,548
2024,CA-517,Cisgender Woman,389
2024,CA-517,Client doesn't know,*
2024,CA-517,"Culturally Specific, Non-Binary, and/or a Different Identity",*
2024,CA-518,Cisgender Man,812
2024,CA-518,Cisgender Woman,771
2024,CA-518,"Culturally Specific, Non-Binary, and/or a Different Identity",*
2024,CA-518,Transgender,*
2024,CA-519,Cisgender Man,2579
2024,CA-519,Cisgender Woman,2488
2024,CA-519,Client doesn't know,50
2024,CA-519,"Culturally Specific, Non-Binary, and/or a Different Identity",14
2024,CA-519,Questioning,*
2024,CA-519,Transgender,19
2024,CA-520,Cisgender Man,1318
2024,CA-520,Cisgender Woman,1290
2024,CA-520,Client doesn't know,*
2024,CA-520,"Culturally Specific, Non-Binary, and/or a Different Identity",*
2024,CA-520,Transgender,*
2024,CA-521,Cisgender Man,490
2024,CA-521,Cisgender Woman,442
2024,CA-521,Client doesn't know,97
2024,CA-521,"Culturally Specific, Non-Binary, and/or a Different Identity",*
2024,CA-522,Cisgender Man,1312
2024,CA-522,Cisgender Woman,1067
2024,CA-522,Client doesn't know,28
2024,CA-522,"Culturally Specific, Non-Binary, and/or a Different Identity",35
2024,CA-522,Questioning,*
2024,CA-522,Transgender,15
2024,CA-523,Cisgender Man,217
2024,CA-523,Cisgender Woman,245
2024,CA-523,Client doesn't know,11
2024,CA-523,"Culturally Specific, Non-Binary, and/or a Different Identity",*
2024,CA-524,Cisgender Man,1159
2024,CA-524,Cisgender Woman,1143
2024,CA-524,"Culturally Specific, Non-Binary, and/or a Different Identity",*
2024,CA-524,Transgender,*
2024,CA-525,Cisgender Man,291
2024,CA-525,Cisgender Woman,232
2024,CA-525,"Culturally Specific, Non-Binary, and/or a Different Identity",*
2024,CA-525,Questioning,*
2024,CA-525,Transgender,*
2024,CA-526,Cisgender Man,370
2024,CA-526,Cisgender Woman,449
2024,CA-526,Client doesn't know,*
2024,CA-526,"Culturally Specific, Non-Binary, and/or a Different Identity",*
2024,CA-526,Transgender,*
2024,CA-527,Cisgender Man,378
2024,CA-527,Cisgender Woman,310
2024,CA-527,Client doesn't know,*
2024,CA-527,"Culturally Specific, Non-Binary, and/or a Different Identity",*
2024,CA-529,Cisgender Man,112
2024,CA-529,Cisgender Woman,118
2024,CA-529,"Culturally Specific, Non-Binary, and/or a Different Identity",*
2024,CA-529,Transgender,*
2024,CA-530,Cisgender Man,39
2024,CA-530,Cisgender Woman,46
2024,CA-531,Cisgender Man,625
2024,CA-531,Cisgender Woman,473
2024,CA-531,Client doesn't know,17
2024,CA-531,"Culturally Specific, Non-Binary, and/or a Different Identity",*
2024,CA-531,Transgender,*
2024,CA-600,Cisgender Man,54976
2024,CA-600,Cisgender Woman,36217
2024,CA-600,Client doesn't know,628
2024,CA-600,"Culturally Specific, Non-Binary, and/or a Different Identity",226
2024,CA-600,Questioning,*
2024,CA-600,Transgender,759
2024,CA-601,Cisgender Man,12969
2024,CA-601,Cisgender Woman,9658
2024,CA-601,Client doesn't know,41
2024,CA-601,"Culturally Specific, Non-Binary, and/or a Different Identity",76
2024,CA-601,Questioning,*
2024,CA-601,Transgender,130
2024,CA-602,Cisgender Man,10729
2024,CA-602,Cisgender Woman,7457
2024,CA-602,Client doesn't know,1196
2024,CA-602,"Culturally Specific, Non-Binary, and/or a Different Identity",47
2024,CA-602,Questioning,*
2024,CA-602,Transgender,75
2024,CA-603,Cisgender Man,2249
2024,CA-603,Cisgender Woman,1673
2024,CA-603,Client doesn't know,37
2024,CA-603,"Culturally Specific, Non-Binary, and/or a Different Identity",*
2024,CA-603,Transgender,*
2024,CA-604,Cisgender Man,3528
2024,CA-604,Cisgender Woman,3196
2024,CA-604,"Culturally Specific, Non-Binary, and/or a Different Identity",11
2024,CA-604,Questioning,*
2024,CA-604,Transgender,16
2024,CA-606,Cisgender Man,3643
2024,CA-606,Cisgender Woman,1962
2024,CA-606,Client doesn't know,29
2024,CA-606,"Culturally Specific, Non-Binary, and/or a Different Identity",14
2024,CA-606,Questioning,*
2024,CA-606,Transgender,28
2024,CA-607,Cisgender Man,753
2024,CA-607,Cisgender Woman,493
2024,CA-607,Client doesn't know,18
2024,CA-607,"Culturally Specific, Non-Binary, and/or a Different Identity",*
2024,CA-607,Transgender,*
2024,CA-608,Cisgender Man,6047
2024,CA-608,Cisgender Woman,5536
2024,CA-608,Client doesn't know,20
2024,CA-608,"Culturally Specific, Non-Binary, and/or a Different Identity",22
2024,CA-608,Questioning,*
2024,CA-608,Transgender,46
2024,CA-609,Cisgender Man,3518
2024,CA-609,Cisgender Woman,3480
2024,CA-609,Client doesn't know,*
2024,CA-609,"Culturally Specific, Non-Binary, and/or a Different Identity",*
2024,CA-609,Transgender,11
2024,CA-611,Cisgender Man,1588
2024,CA-611,Cisgender Woman,1240
2024,CA-611,Client doesn't know,35
2024,CA-611,"Culturally Specific, Non-Binary, and/or a Different Identity",*
2024,CA-611,Questioning,*
2024,CA-611,Transgender,14
2024,CA-612,Cisgender Man,316
2024,CA-612,Cisgender Woman,315
2024,CA-612,"Culturally Specific, Non-Binary, and/or a Different Identity",*
2024,CA-612,Transgender,13
2024,CA-613,Cisgender Man,629
2024,CA-613,Cisgender Woman,770
2024,CA-613,Client doesn't know,*
2024,CA-613,"Culturally Specific, Non-Binary, and/or a Different Identity",*
2024,CA-613,Transgender,*
2024,CA-614,Cisgender Man,1625
2024,CA-614,Cisgender Woman,1380
2024,CA-614,Client doesn't know,*
2024,CA-614,"Culturally Specific, Non-Binary, and/or a Different Identity",13
2024,CA-614,Transgender,*
